"","area","use_of_elec","use_of_gas","average_hour","GHG","operation_type"
"1",46145,1259536.639968,34119.044817,70,115197.073847127,"Administrative Offices"
"2",10053,70947.464935,5120.625161,70,12565.4990095001,"Administrative Offices"
"3",39590,480158.208258,46939.289277,70,108376.426776944,"Administrative Offices"
"4",43002,105617.726288,26977.436363,70,55473.4751359475,"Administrative Offices"
"5",18299,181378.16795,21082.354917,70,47305.0655302757,"Administrative Offices"
"6",34843,710224.493645,48343.39698,70,120246.447554736,"Administrative Offices"
"7",780061,13448190.390591,0,70,2513373.15858996,"Administrative Offices"
"8",8530,112550.609416,0,70,4502.02437664,"Administrative Offices"
"9",132999,7361109.368871,256042.353333,70,780845.472958007,"Administrative Offices"
"10",18277,852922.552577,44993.611613,70,119590.81614818,"Administrative Offices"
"11",102516,1655333.666755,105208.749355,70,266077.3557324,"Administrative Offices"
"12",120104,1950837.440774,105860.71371,70,279136.03685871,"Administrative Offices"
"13",67544,1789712.880129,104399.566785,70,269915.328230957,"Administrative Offices"
"14",19849,96300.750907,32070.238962,70,64775.5422900018,"Administrative Offices"
"15",55004,257136.326745,71888.497563,70,146851.313005255,"Administrative Offices"
"16",154925,2723553.057807,187349.212962,70,464847.548684062,"Administrative Offices"
"17",20279,478213.007582,44398.22722,70,103471.388570842,"Administrative Offices"
"18",22497,455275.527357,29544.3875,70,74336.198584155,"Administrative Offices"
"19",25898,137418.228668,22153.381818,70,47581.2870525564,"Administrative Offices"
"20",8999,86176.777138,22131.600341,70,45490.2509373143,"Administrative Offices"
"21",22497,433208.672966,5095.970487,70,27009.111093089,"Administrative Offices"
"22",45000,499083.804226,57983.00494,70,130113.086823509,"Administrative Offices"
"23",2540,12945.063125,1065.239296,70,2541.42696321824,"Administrative Offices"
"24",787186,8690881.448355,0,70,1750968.00713175,"Administrative Offices"
"25",66747,437159.118292,39868.871875,70,93224.8619438988,"Administrative Offices"
"26",18934,434366.582728,19831.304724,70,55047.9945802556,"Administrative Offices"
"27",303518,5708637.585484,421383.239882,70,1028843.0303908,"Administrative Offices"
"28",350494,2695471.443516,0,70,1273619.2401268,"Administrative Offices"
"29",9365,85638.054839,23231.588544,70,47558.3386347114,"Administrative Offices"
"30",39170,119614.56185,106591.62402,70,207275.624708554,"Administrative Offices"
"31",13487,127005.602241,27474.865227,70,57273.9508127196,"Administrative Offices"
"32",6394,72104.03425,10646.245097,70,23108.7267183199,"Administrative Offices"
"33",111385,1889680.717165,31349.151515,70,135140.89832813,"Administrative Offices"
"34",25327,312114.850573,37404.054285,70,83540.7019075917,"Administrative Offices"
"35",96369,1123136.117935,95125.031606,70,225633.516009002,"Administrative Offices"
"36",372868,6230563.653322,234291.112903,70,694303.03040358,"Administrative Offices"
"37",19999,476648.435573,39833.878664,70,94737.9583821342,"Administrative Offices"
"38",55413,987151.378646,43817.687272,70,122726.077479586,"Administrative Offices"
"39",20968,100143.033517,9136.805647,70,21362.8196602294,"Administrative Offices"
"40",64831,3126117.365032,143803.174517,70,398226.14719948,"Administrative Offices"
"41",14768,180400.162163,18998.215903,70,43306.7272552901,"Administrative Offices"
"42",52108,1259737.918774,0,70,50389.51675096,"Administrative Offices"
"43",4844,28793.696561,14158.581945,70,28048.664397537,"Administrative Offices"
"44",72915,1241941.161548,98679.058534,70,237137.267168374,"Administrative Offices"
"45",143494,3586967.411064,266369.11275,168,649497.436242608,"Ambulance Stations"
"46",1658,14583.570083,6934.107432,168,13755.9973508161,"Ambulance Stations"
"47",21781,127576.968774,10569.655429,168,25182.147472877,"Ambulance Stations"
"48",7782,293727.811835,25612.507929,168,60404.937661042,"Ambulance Stations"
"49",13153,155135.672001,14947.105882,168,34600.2944530166,"Ambulance Stations"
"50",5005,61059.502486,9522.631318,168,20532.4275879314,"Ambulance Stations"
"51",3574,32518.56625,10804.889215,168,21826.6826428433,"Ambulance Stations"
"52",1938,36345.747557,1565,168,4426.84475228,"Ambulance Stations"
"53",2756,28377.286888,10067.363273,168,20259.9608116054,"Ambulance Stations"
"54",4252,57917.869565,5729.751515,168,13201.4664381304,"Ambulance Stations"
"55",1345,67472.79221,14709.879232,168,30643.1221666381,"Ambulance Stations"
"56",2799,39517.039883,8744.716172,168,18192.9314601067,"Ambulance Stations"
"57",2583,42799.235403,3545.119318,168,8446.59713333142,"Ambulance Stations"
"58",2659,24869.98581,5452.875455,168,11353.572405509,"Ambulance Stations"
"59",1905,40286.004148,10379.105295,168,21328.5227037786,"Ambulance Stations"
"60",16380,202466.186778,49396.337161,168,101936.3752125,"Ambulance Stations"
"61",2831,40930.251701,5044.826667,168,11220.8168390732,"Ambulance Stations"
"62",3218,19951.862767,4581.673226,168,9501.83332137994,"Ambulance Stations"
"63",3132,32766.324839,6476.973561,168,13614.8948976561,"Ambulance Stations"
"64",13939,63845.014859,56482.411964,168,109852.873778251,"Ambulance Stations"
"65",4413,50237.894072,5517.457994,168,12490.9755395019,"Ambulance Stations"
"66",5102,69599.426214,18773.825265,168,38448.4251662279,"Ambulance Stations"
"67",1927,41646.771455,0,168,1665.8708582,"Ambulance Stations"
"68",12798,164849.341926,17497.990216,168,39834.730710473,"Ambulance Stations"
"69",1841,84957.880374,14369.00067,168,30694.9620977523,"Ambulance Stations"
"70",6997,122124.681529,13681.281935,168,30875.1817402602,"Ambulance Stations"
"71",11496,85123.411237,11348.729394,168,24964.0041919679,"Ambulance Stations"
"72",1572,21069.711151,7445.317792,168,14986.5842023245,"Ambulance Stations"
"73",1787,37819.173547,4697.51003,168,10436.5797707707,"Ambulance Stations"
"74",38760,696813.828836,58512.893966,168,139028.912691711,"Ambulance Stations"
"75",1324,67467.104323,15453.041536,168,32054.6726484438,"Ambulance Stations"
"76",15554,466784.164728,0,100,18671.36658912,"Community Centres"
"77",37975,268415.171068,37893.223127,100,82721.9838848506,"Community Centres"
"78",7513,91837.753157,15512.44739,100,33142.3513085891,"Community Centres"
"79",20774,356478.09547,0,100,14259.1238188,"Community Centres"
"80",19773,204597.124998,22821.423583,100,51537.5151663093,"Community Centres"
"81",9537,117133.05868,14950.095446,100,33085.8691650117,"Community Centres"
"82",10204,107053.085294,24877.253841,100,51541.1937609693,"Community Centres"
"83",46166,1324707.215129,258253.009926,100,543588.949031483,"Community Centres"
"84",11733,261155.848883,11791.535056,100,32846.4951858526,"Community Centres"
"85",4004,6769.055047,0,100,270.76220188,"Community Centres"
"86",43185,808200.936885,52652.834631,100,132352.100895564,"Community Centres"
"87",57867,226287.999394,88777.232705,100,177700.741173121,"Community Centres"
"88",5769,69242.495001,0,100,2769.69980004,"Community Centres"
"89",14951,142581.126178,6516.366061,100,18082.3204895411,"Community Centres"
"90",6997,336831.460602,21844.449044,100,54970.9398284764,"Community Centres"
"91",56317,936822.397871,54290.605902,100,140608.21704081,"Community Centres"
"92",8999,57691.246521,0,100,2307.64986084,"Community Centres"
"93",2508,46991.463708,7474.557613,100,16079.00090016,"Community Centres"
"94",2282,8260.675626,3775.388508,100,7502.49481980252,"Community Centres"
"95",2906,59059.046872,8038.343869,100,17632.7233393806,"Community Centres"
"96",89125,1931331.729967,149275.603333,100,360830.640094347,"Community Centres"
"97",25015,323755.398146,53080.95246,100,113787.570504577,"Community Centres"
"98",21657,328211.52375,40156.909613,100,89414.14057272,"Community Centres"
"99",13972,332702.890387,33321.659719,100,76608.9393670671,"Community Centres"
"100",31000,480046.9025,131277.277818,100,268588.007998076,"Community Centres"
"101",25510,342962.810824,27415.050909,100,65798.6104942782,"Community Centres"
"102",24725,716315.567968,36588.059568,100,98158.5935994539,"Community Centres"
"103",24402,196439.017742,28073.797097,100,61189.0723168799,"Community Centres"
"104",14725,154935.198409,18610.648044,100,41551.8699190664,"Community Centres"
"105",19364,258763.016717,39790.945121,100,85940.9812055925,"Community Centres"
"106",4359,8627.847218,0,100,345.11388872,"Community Centres"
"107",13853,127293.802558,24636.022223,100,51892.5571591309,"Community Centres"
"108",10000,89213.013109,18803.365583,100,39289.0860887293,"Community Centres"
"109",32841,543141.904903,36486.854828,100,91039.3894443233,"Community Centres"
"110",3681,26445.860979,0,100,1057.83443916,"Community Centres"
"111",39500,345960.685807,60730.389047,100,129207.340200975,"Community Centres"
"112",10236,379096.201773,40695.749488,100,92473.1564157787,"Community Centres"
"113",4306,26376.96035,11699.776263,100,23281.0263830585,"Community Centres"
"114",52377,1090733.855,118672.484286,100,269070.285873271,"Community Centres"
"115",13207,147637.274181,31079.869445,100,64947.6081532121,"Community Centres"
"116",24176,442906.683955,74418.276342,100,159087.922742334,"Community Centres"
"117",5952,126930.613062,0,100,5077.22452248,"Community Centres"
"118",26318,444956.910293,41096.107097,100,95868.1401028199,"Community Centres"
"119",22152,213957.994732,36209.092868,100,77344.3714196909,"Community Centres"
"120",5780,196534.232867,21473.604057,100,48654.5602057223,"Community Centres"
"121",1389,61310.5975,1051.093333,100,4449.17539376677,"Community Centres"
"122",35123,568270.350726,86897.387097,100,187808.91132334,"Community Centres"
"123",32270,324867.28795,32398.878432,100,74542.5168864861,"Community Centres"
"124",45262,1039656.63047,36677.045455,100,111261.281699209,"Community Centres"
"125",3003,52765.719395,4727.622021,100,11091.6450528735,"Community Centres"
"126",3025,67207.256507,0,100,2688.29026028,"Community Centres"
"127",5296,69120.443922,0,100,2764.81775688,"Community Centres"
"128",74820,1506211.361322,151936.231556,100,348880.194177498,"Community Centres"
"129",10473,163594.31258,11355.504877,100,28115.7115629881,"Community Centres"
"130",36167,352216.56947,49252.439035,100,107653.028689199,"Community Centres"
"131",16254,213299.403401,35934.454811,100,76796.3005959486,"Community Centres"
"132",10000,177573.77425,18661.595277,100,42554.1969017641,"Community Centres"
"133",18600,277276.732527,28131.153871,100,64531.54099828,"Community Centres"
"134",9451,224147.361103,24144.9,100,54833.71952512,"Community Centres"
"135",19978,423340.8,21380.124143,100,57549.2400332157,"Community Centres"
"136",5737,357252.165,0,100,14290.0866,"Community Centres"
"137",17061,150226.070667,0,100,6009.04282668,"Community Centres"
"138",55004,809998.376097,3725.477823,100,39477.1880094549,"Community Centres"
"139",6168,32760.774316,0,100,1310.43097264,"Community Centres"
"140",46694,988592.842032,123554.451677,100,274258.86998756,"Community Centres"
"141",58125,1127534.244387,83651.600205,100,204013.478168916,"Community Centres"
"142",3046,130031.957144,0,100,5201.27828576,"Community Centres"
"143",9408,164435.489647,0,100,6577.41958588,"Community Centres"
"144",7341,36388.996561,8080.579194,100,16806.1553514899,"Community Centres"
"145",41904,825809.715162,200732.434515,100,414361.78713028,"Community Centres"
"146",46113,928306.366935,268136.267159,100,546508.040036681,"Community Centres"
"147",12895,183317.54363,29555.421091,100,63478.8396375618,"Community Centres"
"148",43701,537589.282658,65282.239902,100,145519.58962575,"Community Centres"
"149",2250,52743.679835,0,100,2109.7471934,"Community Centres"
"150",14402,131501.285599,0,100,5260.05142396,"Community Centres"
"151",5188,53144.352685,4541.755161,100,10753.7009692001,"Community Centres"
"152",28546,779316.245714,0,100,31172.64982856,"Community Centres"
"153",44810,361948.298474,89689.490833,100,184860.160779502,"Community Centres"
"154",25995,445227.303871,20723.344522,100,57177.0225098382,"Community Centres"
"155",123214,1229059.584552,72711.126538,100,187290.983355053,"Community Centres"
"156",24402,194845.915538,39838.749226,100,83475.1101386599,"Community Centres"
"157",25198,280102.801853,122583.194148,100,244074.180165134,"Community Centres"
"158",61214,850405.151064,187895.647647,168,390959.688921089,"Fire Stations"
"159",3272,27162.980209,14726.047279,168,29061.4439638035,"Fire Stations"
"160",5662,97582.947918,26974.898817,168,55147.2634503867,"Fire Stations"
"161",7018,219120.396562,33159.904556,168,71758.3549484676,"Fire Stations"
"162",4833,85876.393998,17509.438621,168,36697.5612138475,"Fire Stations"
"163",8633,205237.391635,36988.765512,168,78476.6836208913,"Fire Stations"
"164",5985,128140.477468,14609.62069,168,32879.3694273061,"Fire Stations"
"165",11776,173794.064243,21261.493137,168,47342.0084671475,"Fire Stations"
"166",4219,123021.902934,3728.830199,168,12004.4975580983,"Fire Stations"
"167",3046,55011.332467,17578.00067,168,35593.2053914723,"Fire Stations"
"168",2497,52820.629961,17855.076687,168,36031.935829967,"Fire Stations"
"169",5813,79939.040902,12765.912023,168,27448.8370470529,"Fire Stations"
"170",5845,76962.802584,16945.332955,168,35269.391664644,"Fire Stations"
"171",7664,91107.257329,17140.004979,168,36204.9863517165,"Fire Stations"
"172",8062,105953.441641,18466.194986,168,39318.1836185943,"Fire Stations"
"173",7126,41916.379894,13754.851658,168,27806.609341946,"Fire Stations"
"174",10592,32630.093569,25067.325945,168,48925.3521672171,"Fire Stations"
"175",12500,174736.803459,39351.403811,168,81744.9404440786,"Fire Stations"
"176",5586,118466.893315,21722.376168,168,46004.4565151879,"Fire Stations"
"177",2895,77064.73621,19383.157875,168,39904.5806319588,"Fire Stations"
"178",11001,103644.674679,27506.631089,168,56399.8590006224,"Fire Stations"
"179",7535,58264.754103,15277.388262,168,31352.8918715588,"Fire Stations"
"180",5005,128822.76875,11142.126516,168,26319.49707118,"Fire Stations"
"181",16501,203978.325333,50739.050885,168,104547.600589046,"Fire Stations"
"182",5048,53653.098494,13721.752752,168,28213.2004252069,"Fire Stations"
"183",4887,49169.427833,17568.653548,168,35341.7725719201,"Fire Stations"
"184",5737,55180.510687,13134.325806,168,27158.3678178801,"Fire Stations"
"185",11916,140598.767294,24787.177908,168,52711.9046918085,"Fire Stations"
"186",6910,56182.071191,15681.878111,168,32037.9898763256,"Fire Stations"
"187",7459,45281.699947,12462.290444,168,25485.7565314424,"Fire Stations"
"188",3767,58792.835817,11637.272581,168,24458.9237820799,"Fire Stations"
"189",9085,91962.359647,26191.235404,168,53433.7223705048,"Fire Stations"
"190",11808,51934.790813,28079.30241,168,55419.3616277729,"Fire Stations"
"191",10484,72581.926376,19114.944706,168,39215.7463635811,"Fire Stations"
"192",14241,150342.81058,45419.637742,168,92296.9440453,"Fire Stations"
"193",5350,73787.695067,13290.06199,168,28198.5056644631,"Fire Stations"
"194",11001,75686.495682,21473.06398,168,43819.6247394462,"Fire Stations"
"195",5350,50210.251127,13272.398697,168,27221.8531257839,"Fire Stations"
"196",8902,98802.428418,20573.841439,168,43036.0179799739,"Fire Stations"
"197",5500,43569.512219,11028.672928,168,22693.8401633523,"Fire Stations"
"198",5500,61287.565188,16142.529355,168,33117.3041979199,"Fire Stations"
"199",5350,45186.22094,17321.654494,168,34713.2226633069,"Fire Stations"
"200",5350,52777.30646,13830.249091,168,28384.2781540818,"Fire Stations"
"201",5608,52535.7632,11758.466328,168,24438.8714266383,"Fire Stations"
"202",12755,47248.648626,14600.884146,168,29627.0995483547,"Fire Stations"
"203",9806,108098.219054,25288.982206,168,52365.1553690761,"Fire Stations"
"204",12099,132247.561367,33073.497782,168,68119.2954561676,"Fire Stations"
"205",11937,50866.472308,24241.851517,168,48086.6618006497,"Fire Stations"
"206",7244,101059.021926,28855.71875,168,58859.2812292275,"Fire Stations"
"207",7535,105289.109242,26143.853545,168,53876.7815105811,"Fire Stations"
"208",7535,47289.372,15249.634115,168,30861.1523119244,"Fire Stations"
"209",10236,108988.179059,38942.397647,168,78338.0105483894,"Fire Stations"
"210",13153,57169.67686,20924.551354,168,42036.9480360803,"Fire Stations"
"211",10129,125354.586225,26531.655227,168,55416.1035671796,"Fire Stations"
"212",10979,81964.226846,24086.418823,168,49035.2980477049,"Fire Stations"
"213",24865,281311.085667,73381.615249,168,150654.764099053,"Fire Stations"
"214",12723,127109.48206,32438.761212,168,66707.9695692243,"Fire Stations"
"215",13003,346143.165258,19776.690568,168,51415.3079154439,"Fire Stations"
"216",4402,86053.891793,10310.150682,168,23028.2458208086,"Fire Stations"
"217",9268,77088.575684,26137.536452,168,52736.7596498599,"Fire Stations"
"218",3057,24192.21575,12072.284828,168,23901.2873949033,"Fire Stations"
"219",9827,52679.783062,22342.453636,168,44550.9270702528,"Fire Stations"
"220",11238,68891.717935,21717.8975,168,44012.941419175,"Fire Stations"
"221",12809,119253.66608,39648.185634,168,80089.4084102535,"Fire Stations"
"222",8762,79637.110852,13385.604812,168,28613.9840393883,"Fire Stations"
"223",7029,73903.308617,20764.266373,168,42401.8015308044,"Fire Stations"
"224",3929,30906.696651,6894.781912,168,14334.2161164473,"Fire Stations"
"225",7804,67311.056409,10315.868627,168,22289.3947283856,"Fire Stations"
"226",9461,104843.727832,24957.421849,168,51605.1138256068,"Fire Stations"
"227",7944,62149.107412,16548.806129,168,33923.56581168,"Fire Stations"
"228",12335,104212.370091,31114.590625,168,63276.5714680463,"Fire Stations"
"229",5866,38844.395424,8792.862232,168,18257.4882704681,"Fire Stations"
"230",7955,43547.229615,8860.411905,168,18573.9250764095,"Fire Stations"
"231",12486,159998.180521,31617.773978,168,66463.8962691068,"Fire Stations"
"232",3907,35928.118642,9789.145807,168,20033.4671437798,"Fire Stations"
"233",11765,103391.306952,27275.424898,168,55950.5042025616,"Fire Stations"
"234",5038,111407.992335,10515.79699,168,24433.0740773331,"Fire Stations"
"235",5188,27263.478019,10658.706816,168,21338.777872047,"Fire Stations"
"236",6889,75670.548235,12755.480389,168,27258.2804695794,"Fire Stations"
"237",19472,121927.455679,17102.180118,168,37365.9387755234,"Fire Stations"
"238",15479,201878.463981,19030.186967,168,44226.5944385802,"Fire Stations"
"239",3929,38236.187485,9175.147959,168,18959.3843256327,"Fire Stations"
"240",3929,33160.992337,7265.860446,168,15129.3221241417,"Fire Stations"
"241",11765,119162.557036,18144.180666,168,39234.8208508335,"Fire Stations"
"242",7998,73605.490331,14066.451613,168,29666.11707794,"Fire Stations"
"243",11485,233657.188259,25043.136242,168,56920.483017925,"Fire Stations"
"244",23002,158350.286337,26789.851928,168,57226.4252625823,"Fire Stations"
"245",42625,679969.609846,109679.893048,168,235556.580418195,"Fire Stations"
"246",26996,706581.185882,4663.351159,70,37122.1689985207,"Public Libraries"
"247",26102,510268.722885,7671.299927,70,34983.8406737226,"Public Libraries"
"248",32281,457471.513233,25064.911155,70,65914.4216013619,"Public Libraries"
"249",6318,91479.47049,7998.782909,70,18854.3867239982,"Public Libraries"
"250",7804,169948.244585,7814.298388,70,21642.6742880997,"Public Libraries"
"251",44319,885688.130271,32255.929004,70,96703.7909804488,"Public Libraries"
"252",6340,132774.647549,0,70,5310.98590196,"Public Libraries"
"253",7804,113923.956437,10548.916136,70,24596.6287518778,"Public Libraries"
"254",8503,103642.035817,9596.867879,70,22376.7553737375,"Public Libraries"
"255",7093,74422.220663,1742.793103,70,6287.65545635807,"Public Libraries"
"256",20627,349665.351258,37936.219995,70,86053.6718126216,"Public Libraries"
"257",13616,254907.731032,18232.274791,70,44831.9793389948,"Public Libraries"
"258",7933,97349.550253,9152.20625,70,21280.3367011825,"Public Libraries"
"259",31506,500942.968194,25772.117576,70,68996.7527657114,"Public Libraries"
"260",6867,113502.399065,7190.115404,70,18199.0862944248,"Public Libraries"
"261",4898,60860.538011,7852.063889,70,17350.9087697344,"Public Libraries"
"262",7685,77421.411763,8784.438601,70,19784.5666364537,"Public Libraries"
"263",9612,106006.322594,9829.566667,70,22913.3824053932,"Public Libraries"
"264",3606,81104.791063,0,100,3244.19164252,"Public Libraries"
"265",6501,150839.566003,0,70,6033.58264012,"Public Libraries"
"266",16576,356160.543212,27183.790413,70,65887.196538152,"Public Libraries"
"267",21560,359803.380263,21633.964895,70,55489.9619819026,"Public Libraries"
"268",20021,183954.0288,17328.564645,70,40277.06212246,"Public Libraries"
"269",11208,108205.928751,17816.588709,70,38174.2325546402,"Public Libraries"
"270",60040,597942.59329,70508.799165,70,157862.564417359,"Public Libraries"
"271",12217,165504.308218,16160.356243,70,37319.8394799847,"Public Libraries"
"272",4715,16634.326455,0,70,665.3730582,"Public Libraries"
"273",3595,58804.638217,2256.392727,70,6638.63222823463,"Public Libraries"
"274",6200,80490.468504,13247.891031,70,28386.5048528404,"Public Libraries"
"275",64670,1359297.504,56696.664217,70,162077.986206393,"Public Libraries"
"276",13000,283946.081161,0,70,11357.84324644,"Public Libraries"
"277",6501,59796.012643,6422.258334,70,14592.1404402365,"Public Libraries"
"278",7998,306848.835932,32651.386333,70,74301.4655402168,"Public Libraries"
"279",3014,32214.041427,2151.75,70,5376.21961458,"Public Libraries"
"280",9494,161982.201126,17193.642043,70,39141.8778977067,"Public Libraries"
"281",6997,108307.284555,9977.376459,70,23286.2136675977,"Public Libraries"
"282",7470,128535.080864,19272.599259,70,41753.3673208897,"Public Libraries"
"283",2400,44271.915571,3092.556383,70,7645.77505806127,"Public Libraries"
"284",9042,113674.60975,7251.17335,70,18321.9658912615,"Public Libraries"
"285",11603,154552.694503,14783.104839,70,34265.4242117199,"Public Libraries"
"286",6997,152055.342487,7383.774279,70,20109.0958595535,"Public Libraries"
"287",3638,55839.723646,12680.018824,70,26321.6939056046,"Public Libraries"
"288",7653,99440.133958,33.695,70,4041.61541287,"Public Libraries"
"289",11991,172499.672636,20801.467552,70,46416.3267992989,"Public Libraries"
"290",38933,1013854.830775,121360.179451,70,271100.91253227,"Public Libraries"
"291",11647,183567.398709,62938.446677,70,126906.23371619,"Public Libraries"
"292",6415,70256.846607,9062.411692,70,20026.0467314555,"Public Libraries"
"293",8665,75263.559337,9885.760081,70,21790.4219417549,"Public Libraries"
"294",25475,256028.003452,20604.475283,70,49383.2357884423,"Public Libraries"
"295",4424,59759.752608,4289.174688,70,10538.4923673667,"Public Libraries"
"296",17470,102264.572167,23868.464667,70,49433.2665299332,"Public Libraries"
"297",6997,124857.129396,7594.099545,70,19420.7201404811,"Public Libraries"
"298",11345,136646.588406,7406.115142,70,19535.186410346,"Public Libraries"
"299",5834,70572.886137,7519.932813,70,17108.456611008,"Public Libraries"
"300",9924,121497.586875,9463.258003,70,22837.1600707191,"Public Libraries"
"301",27997,1531666.726592,27198.300726,70,112935.008969855,"Public Libraries"
"302",168014,1881333.813871,130595.380985,70,323344.091858235,"Public Libraries"
"303",114179,2686147.133355,131065.557138,70,356429.813573687,"Public Libraries"
"304",3035,55983.218848,2206.208556,70,6430.44108566764,"Public Libraries"
"305",17287,153880.2304,11805.533333,70,28582.0628333668,"Public Libraries"
"306",8493,175675.458957,0,70,7027.01835828,"Public Libraries"
"307",8181,146080.985693,11026.868333,70,26790.8709312368,"Public Libraries"
"308",24079,280499.535955,15237.667232,70,40166.8255021581,"Public Libraries"
"309",14639,198495.146625,15613.851293,70,37601.2830277992,"Public Libraries"
"310",3627,23266.683667,4915.187684,70,10268.000238098,"Public Libraries"
"311",6997,88243.995886,11528.571429,70,25430.471693397,"Public Libraries"
"312",5091,55691.774018,5211.460446,70,12127.8302553817,"Public Libraries"
"313",47254,584022.171919,31243.985295,70,82714.7733018186,"Public Libraries"
"314",9655,154109.296988,16903.850209,70,38276.4470830552,"Public Libraries"
"315",12034,135495.809516,20324.063145,70,44029.2518965651,"Public Libraries"
"316",25847,379442.275388,20820.19521,70,54729.6076540049,"Public Libraries"
"317",12701,181921.814292,24541.485306,70,53898.0867926351,"Public Libraries"
"318",14500,213966.564646,56117.035714,100,115163.634161369,"Public Libraries"
"319",3950,68558.816876,6533.50732,70,15153.9911957708,"Public Libraries"
"320",4585,25841.12992,1863.873899,70,4574.42780399131,"Public Libraries"
"321",4833,48401.374449,0,70,1936.05497796,"Public Libraries"
"322",5005,83029.912688,3663.106773,70,10279.9638131204,"Public Libraries"
"323",5005,46295.592813,12680.216349,70,25940.3039085518,"Public Libraries"
"324",11034,197805.470728,4054.103449,70,15613.7586101508,"Public Libraries"
"325",416025,7946049.491871,427687.8505,70,1130316.31239118,"Public Libraries"
"326",5382,63841.881897,10529.83266,70,22557.0930817554,"Public Libraries"
"327",11948,150449.447615,13198.182142,70,31090.432537936,"Public Libraries"
"328",9795,138166.816,17117.197481,70,38044.0415226809,"Public Libraries"
"329",5360,49701.145733,3862.962876,70,9326.47777522844,"Public Libraries"
"330",6383,166384.718273,7768.161291,70,21412.4870538198,"Public Libraries"
"331",42173,751952.919085,62609.672745,70,149017.085980349,"Public Libraries"
"332",9052,181956.274932,19866.724632,70,45018.8691134441,"Public Libraries"
"333",62834,36984.722403,603.067273,100,2625.02976396537,"Storage Facilities"
"334",34952,277387.101177,0,100,11095.48404708,"Storage Facilities"
"335",25715,161017.887274,39453.285,70,81389.72647261,"Storage Facilities"
"336",3606,29337.194867,11686.815273,70,23374.8139006454,"Storage Facilities"
"337",5554,21055.704726,10505.534274,70,20799.4865940151,"Storage Facilities"
"338",6330,36377.793333,14688.402117,70,29358.5223509637,"Storage Facilities"
"339",53798,507010.59,115098.92,70,238932.6909348,"Storage Facilities"
"340",15317,120549.345994,27815.626667,70,57663.0416627932,"Storage Facilities"
"341",2809,32052.56941,4533.827859,70,9894.97022186371,"Storage Facilities"
"342",1981,64673.349186,0,70,2586.93396744,"Storage Facilities"
"343",36447,325187.264989,46295.983919,70,100955.508290645,"Storage Facilities"
"344",1023,57652.00395,9731.778062,70,20793.4416246008,"Storage Facilities"
"345",148198,1251225.757097,329184.264133,70,675397.085014699,"Storage Facilities"
"346",32679,1115583.16629,44271.90625,70,128726.224235662,"Storage Facilities"
"347",131976,852863.634294,176149.490036,70,368743.970098249,"Storage Facilities"
"348",31667,396235.104807,28071.476173,70,69176.5067633664,"Storage Facilities"
"349",236645,2859284.994903,390191.429893,70,855614.157249553,"Storage Facilities"
"350",84701,1069364.672936,343212.738221,70,694772.393588491,"Storage Facilities"
"351",9698,81153.119375,16931.580882,70,35410.8796607266,"Storage Facilities"
"352",5705,52787.833583,13141.067879,70,27075.4685823775,"Storage Facilities"
"353",138069,1742369.85729,193887.933512,70,438021.762705011,"Storage Facilities"
"354",18998,225577.585247,42198.363981,70,89186.9134809459,"Storage Facilities"
"355",26404,341098.422774,77131.117756,70,160169.150000856,"Storage Facilities"
"356",2756,62536.727486,0,70,2501.46909944,"Storage Facilities"
"357",22604,30464.734154,18288.705,70,35961.45936761,"Storage Facilities"
"358",23907,360921.872647,51622.698111,70,112503.998280366,"Storage Facilities"
"359",183,17347.66334,0,70,693.9065336,"Storage Facilities"
"360",83485,435252.015907,168455.559674,70,337423.422793381,"Storage Facilities"
"361",27373,196288.853596,45871.935484,70,94994.01126344,"Storage Facilities"
"362",11001,518310.081301,44575.192,70,105411.44974252,"Storage Facilities"
"363",4618,388910.244316,11649.51515,70,37686.8772079435,"Storage Facilities"
"364",6135,118203.397419,18704.421212,70,40260.7378289843,"Storage Facilities"
"365",700,25592.419341,0,70,1023.69677364,"Storage Facilities"
"366",301,44250.63125,0,70,1770.02525,"Storage Facilities"
"367",13950,93093.927283,0,70,3723.75709132,"Storage Facilities"
"368",14779,406027.22134,30893.173654,70,74928.5419123673,"Storage Facilities"
"369",710493,4853785.135,692755.53,100,1510172.1581857,"Storage Facilities"
"370",301,26163.172273,0,70,68223.4242672202,"Storage Facilities"
"371",301,26163.172273,0,70,68223.4242672202,"Storage Facilities"
"372",32044,225315.002633,41334.702197,70,87535.7205219389,"Storage Facilities"
"373",9526,280945.46916,0,70,11237.8187664,"Storage Facilities"
"374",5769,233638.443944,55398.596548,70,114585.69763403,"Storage Facilities"
"375",50041,582603.754086,129396.020434,70,269116.476221705,"Storage Facilities"
"376",66155,626754.484903,86598.817096,70,189581.08624522,"Storage Facilities"
"377",13046,86201.8057,0,70,3448.072228,"Storage Facilities"
"378",16264,5926.683493,47502.188965,70,90476.5006946409,"Storage Facilities"
"379",26759,223491.683074,48297.621376,70,100690.175674733,"Storage Facilities"
"380",1851,29358.972351,5977.491825,70,12529.7403390743,"Storage Facilities"
"381",12034,56002.924833,43658.411455,70,85177.5646502689,"Storage Facilities"
"382",20247,134367.119622,85587.47443,70,167964.354084807,"Storage Facilities"
"383",14047,73034.208105,36309.587501,70,71898.3286039747,"Storage Facilities"
"384",6997,7494.241839,9769.846395,70,18859.4491716776,"Storage Facilities"
"385",34724,30422.700882,0,70,1216.90803528,"Storage Facilities"
"386",30849,200002.997485,50383.117746,70,103712.424850299,"Storage Facilities"
"387",2164,80972.059948,0,70,3238.88239792,"Storage Facilities"
"388",21269,32829.754376,5812.087377,70,12354.3544442531,"Storage Facilities"
"389",4133,32066.797239,11777.722835,70,23656.6941819811,"Storage Facilities"
"390",12152,379535.721096,25461.215467,70,63549.8452543452,"Storage Facilities"
